{
	"file_path": "/home/eden/.local/share/mcpelauncher/games/com.mojang/development_behavior_packs/Guns Addon by Eden Urias/blocks/lead_ore.json",
	"file_type": "block",
	"format_version": 1,
	"file_uuid": "a0d9cfaf_6367_4861_ab73_95f58ba6ca35",
	"file_version": 0,
	"cache_content": {
		"children": [
			{
				"data": "1.16.0",
				"key": "format_version"
			},
			{
				"open": {
					"format_version": "1.16.0",
					"minecraft:block": {
						"description": {
							"identifier": "guns:lead_ore",
							"is_experimental": false
						},
						"components": {
							"minecraft:destroy_time": 1,
							"minecraft:explosion_resistance": 1,
							"minecraft:map_color": "#ffffff",
							"minecraft:display_name": "Lead Ore",
							"minecraft:loot": "/home/eden/.local/share/mcpelauncher/games/com.mojang/development_behavior_packs/Guns Addon by Eden Urias/loot_tables/lead_drops.json"
						}
					}
				},
				"key": "minecraft:block",
				"children": [
					{
						"open": {
							"description": {
								"identifier": "guns:lead_ore",
								"is_experimental": false
							},
							"components": {
								"minecraft:destroy_time": 1,
								"minecraft:explosion_resistance": 1,
								"minecraft:map_color": "#ffffff",
								"minecraft:display_name": "Lead Ore",
								"minecraft:loot": "/home/eden/.local/share/mcpelauncher/games/com.mojang/development_behavior_packs/Guns Addon by Eden Urias/loot_tables/lead_drops.json"
							}
						},
						"key": "description",
						"is_minified": true,
						"children": {
							"identifier": "guns:lead_ore",
							"is_experimental": false
						}
					},
					{
						"open": {
							"description": {
								"identifier": "guns:lead_ore",
								"is_experimental": false
							},
							"components": {
								"minecraft:destroy_time": 1,
								"minecraft:explosion_resistance": 1,
								"minecraft:map_color": "#ffffff",
								"minecraft:display_name": "Lead Ore",
								"minecraft:loot": "/home/eden/.local/share/mcpelauncher/games/com.mojang/development_behavior_packs/Guns Addon by Eden Urias/loot_tables/lead_drops.json"
							}
						},
						"key": "components",
						"is_minified": true,
						"children": {
							"minecraft:destroy_time": 1,
							"minecraft:explosion_resistance": 1,
							"minecraft:map_color": "#ffffff",
							"minecraft:display_name": "Lead Ore",
							"minecraft:loot": "/home/eden/.local/share/mcpelauncher/games/com.mojang/development_behavior_packs/Guns Addon by Eden Urias/loot_tables/lead_drops.json"
						}
					}
				]
			}
		]
	}
}