{
	"file_path": "/home/eden/.local/share/mcpelauncher/games/com.mojang/development_behavior_packs/Guns Addon by Eden Urias/items/egg_sunny.json",
	"file_type": "item",
	"format_version": 1,
	"file_uuid": "d719324b_36f0_4d4e_80b2_c478e8d06159",
	"file_version": 8,
	"cache_content": {
		"children": [
			{
				"data": "1.16.100",
				"key": "format_version"
			},
			{
				"open": {
					"format_version": "1.16.100",
					"minecraft:item": {
						"description": {
							"identifier": "guns:egg_sunny",
							"category": "nature"
						},
						"components": {
							"minecraft:use_duration": 32,
							"minecraft:food": {
								"nutrition": 10,
								"saturation_modifier": "low"
							},
							"minecraft:icon": {
								"texture": "guns_egg_sunny"
							},
							"minecraft:use_animation": "eat",
							"minecraft:render_offsets": "apple",
							"minecraft:display_name": {
								"value": "Fried egg?"
							},
							"minecraft:on_use": {
								"on_use": {
									"event": "high",
									"target": "holder"
								}
							}
						},
						"events": {
							"high": {
								"add_mob_effect": {
									"effect": "all",
									"duration": 1,
									"target": "holder"
								},
								"run_command": {
									"command": [
										"say IM HIGH"
									],
									"target": "holder"
								}
							}
						}
					}
				},
				"key": "minecraft:item",
				"children": [
					{
						"open": {
							"description": {
								"identifier": "guns:egg_sunny",
								"category": "nature"
							},
							"components": {
								"minecraft:use_duration": 32,
								"minecraft:food": {
									"nutrition": 10,
									"saturation_modifier": "low"
								},
								"minecraft:icon": {
									"texture": "guns_egg_sunny"
								},
								"minecraft:use_animation": "eat",
								"minecraft:render_offsets": "apple",
								"minecraft:display_name": {
									"value": "Fried egg?"
								},
								"minecraft:on_use": {
									"on_use": {
										"event": "high",
										"target": "holder"
									}
								}
							},
							"events": {
								"high": {
									"add_mob_effect": {
										"effect": "all",
										"duration": 1,
										"target": "holder"
									},
									"run_command": {
										"command": [
											"say IM HIGH"
										],
										"target": "holder"
									}
								}
							}
						},
						"key": "description",
						"is_minified": true,
						"children": {
							"identifier": "guns:egg_sunny",
							"category": "nature"
						}
					},
					{
						"open": {
							"description": {
								"identifier": "guns:egg_sunny",
								"category": "nature"
							},
							"components": {
								"minecraft:use_duration": 32,
								"minecraft:food": {
									"nutrition": 10,
									"saturation_modifier": "low"
								},
								"minecraft:icon": {
									"texture": "guns_egg_sunny"
								},
								"minecraft:use_animation": "eat",
								"minecraft:render_offsets": "apple",
								"minecraft:display_name": {
									"value": "Fried egg?"
								},
								"minecraft:on_use": {
									"on_use": {
										"event": "high",
										"target": "holder"
									}
								}
							},
							"events": {
								"high": {
									"add_mob_effect": {
										"effect": "all",
										"duration": 1,
										"target": "holder"
									},
									"run_command": {
										"command": [
											"say IM HIGH"
										],
										"target": "holder"
									}
								}
							}
						},
						"key": "components",
						"children": [
							{
								"data": "32",
								"key": "minecraft:use_duration"
							},
							{
								"key": "minecraft:food",
								"is_minified": true,
								"children": {
									"nutrition": 10,
									"saturation_modifier": "low"
								}
							},
							{
								"key": "minecraft:icon",
								"is_minified": true,
								"children": {
									"texture": "guns_egg_sunny"
								}
							},
							{
								"data": "eat",
								"key": "minecraft:use_animation"
							},
							{
								"data": "apple",
								"key": "minecraft:render_offsets"
							},
							{
								"open": {
									"minecraft:use_duration": 32,
									"minecraft:food": {
										"nutrition": 10,
										"saturation_modifier": "low"
									},
									"minecraft:icon": {
										"texture": "guns_egg_sunny"
									},
									"minecraft:use_animation": "eat",
									"minecraft:render_offsets": "apple",
									"minecraft:display_name": {
										"value": "Fried egg?"
									},
									"minecraft:on_use": {
										"on_use": {
											"event": "high",
											"target": "holder"
										}
									}
								},
								"key": "minecraft:display_name",
								"is_minified": true,
								"children": {
									"value": "Fried egg?"
								}
							},
							{
								"open": {
									"minecraft:use_duration": 32,
									"minecraft:food": {
										"nutrition": 10,
										"saturation_modifier": "low"
									},
									"minecraft:icon": {
										"texture": "guns_egg_sunny"
									},
									"minecraft:use_animation": "eat",
									"minecraft:render_offsets": "apple",
									"minecraft:display_name": {
										"value": "Fried egg?"
									},
									"minecraft:on_use": {
										"on_use": {
											"event": "high",
											"target": "holder"
										}
									}
								},
								"key": "minecraft:on_use",
								"children": [
									{
										"open": {
											"on_use": {
												"event": "high",
												"target": "holder"
											}
										},
										"key": "on_use",
										"is_minified": true,
										"children": {
											"event": "high",
											"target": "holder"
										}
									}
								]
							}
						]
					},
					{
						"open": {
							"description": {
								"identifier": "guns:egg_sunny",
								"category": "nature"
							},
							"components": {
								"minecraft:use_duration": 32,
								"minecraft:food": {
									"nutrition": 10,
									"saturation_modifier": "low"
								},
								"minecraft:icon": {
									"texture": "guns_egg_sunny"
								},
								"minecraft:use_animation": "eat",
								"minecraft:render_offsets": "apple",
								"minecraft:display_name": {
									"value": "Fried egg?"
								},
								"minecraft:on_use": {
									"on_use": {
										"event": "high",
										"target": "holder"
									}
								}
							},
							"events": {
								"high": {
									"add_mob_effect": {
										"effect": "all",
										"duration": 1,
										"target": "holder"
									},
									"run_command": {
										"command": [
											"say IM HIGH"
										],
										"target": "holder"
									}
								}
							}
						},
						"key": "events",
						"children": [
							{
								"open": {
									"high": {
										"add_mob_effect": {
											"effect": "all",
											"duration": 1,
											"target": "holder"
										},
										"run_command": {
											"command": [
												"say IM HIGH"
											],
											"target": "holder"
										}
									}
								},
								"key": "high",
								"children": [
									{
										"open": {
											"add_mob_effect": {
												"effect": "all",
												"duration": 1,
												"target": "holder"
											},
											"run_command": {
												"command": [
													"say IM HIGH"
												],
												"target": "holder"
											}
										},
										"key": "add_mob_effect",
										"is_minified": true,
										"children": {
											"effect": "all",
											"duration": 1,
											"target": "holder"
										}
									},
									{
										"open": {
											"add_mob_effect": {
												"effect": "all",
												"duration": 1,
												"target": "holder"
											},
											"run_command": {
												"command": [
													"say IM HIGH"
												],
												"target": "holder"
											}
										},
										"key": "run_command",
										"children": [
											{
												"open": {
													"command": [
														"say IM HIGH"
													],
													"target": "holder"
												},
												"key": "command",
												"is_minified": true,
												"children": [
													"say IM HIGH"
												]
											},
											{
												"data": "holder",
												"key": "target"
											}
										]
									}
								]
							}
						]
					}
				]
			}
		]
	}
}