{
	"file_path": "/home/eden/.local/share/mcpelauncher/games/com.mojang/development_behavior_packs/Guns Addon by Eden Urias/items/lead_nugget.json",
	"file_type": "item",
	"format_version": 1,
	"file_uuid": "04953687_8427_4353_9794_4b3441581ae7",
	"file_version": 3,
	"cache_content": {
		"children": [
			{
				"open": {
					"format_version": "1.16.100",
					"minecraft:item": {
						"description": {
							"identifier": "guns:lead_nugget"
						},
						"components": {
							"minecraft:icon": {
								"texture": "lead_nugget"
							}
						}
					}
				},
				"data": "1.16.100",
				"key": "format_version"
			},
			{
				"open": {
					"format_version": "1.16.100",
					"minecraft:item": {
						"description": {
							"identifier": "guns:lead_nugget"
						},
						"components": {
							"minecraft:icon": {
								"texture": "lead_nugget"
							}
						}
					}
				},
				"key": "minecraft:item",
				"children": [
					{
						"open": {
							"description": {
								"identifier": "guns:lead_nugget"
							},
							"components": {
								"minecraft:icon": {
									"texture": "lead_nugget"
								}
							}
						},
						"key": "description",
						"is_minified": true,
						"children": {
							"identifier": "guns:lead_nugget"
						}
					},
					{
						"open": {
							"description": {
								"identifier": "guns:lead_nugget"
							},
							"components": {
								"minecraft:icon": {
									"texture": "lead_nugget"
								}
							}
						},
						"key": "components",
						"children": [
							{
								"open": {
									"minecraft:icon": {
										"texture": "lead_nugget"
									}
								},
								"key": "minecraft:icon",
								"is_minified": true,
								"children": {
									"texture": "lead_nugget"
								}
							}
						]
					}
				]
			}
		]
	}
}