{
	"file_path": "/home/eden/.local/share/mcpelauncher/games/com.mojang/development_behavior_packs/Guns Addon by Eden Urias/items/lead_ingot.json",
	"file_type": "item",
	"format_version": 1,
	"file_uuid": "80d7c5a1_41d0_454c_8e73_53317a5bbd76",
	"file_version": 2,
	"cache_content": {
		"children": [
			{
				"data": "1.16.100",
				"key": "format_version"
			},
			{
				"open": {
					"format_version": "1.16.100",
					"minecraft:item": {
						"description": {
							"identifier": "guns:lead_ingot"
						},
						"components": {
							"minecraft:display_name": "Lead ingot",
							"minecraft:creative_category": {
								"parent": "items"
							},
							"minecraft:icon": {
								"texture": "lead_ingot"
							}
						}
					}
				},
				"key": "minecraft:item",
				"children": [
					{
						"open": {
							"description": {
								"identifier": "guns:lead_ingot"
							},
							"components": {
								"minecraft:display_name": "Lead ingot",
								"minecraft:creative_category": {
									"parent": "items"
								},
								"minecraft:icon": {
									"texture": "lead_ingot"
								}
							}
						},
						"key": "description",
						"is_minified": true,
						"children": {
							"identifier": "guns:lead_ingot"
						}
					},
					{
						"open": {
							"description": {
								"identifier": "guns:lead_ingot"
							},
							"components": {
								"minecraft:display_name": "Lead ingot",
								"minecraft:creative_category": {
									"parent": "items"
								},
								"minecraft:icon": {
									"texture": "lead_ingot"
								}
							}
						},
						"key": "components",
						"children": [
							{
								"data": "Lead ingot",
								"key": "minecraft:display_name"
							},
							{
								"open": {
									"minecraft:display_name": "Lead ingot",
									"minecraft:creative_category": {
										"parent": "items"
									},
									"minecraft:icon": {
										"texture": "lead_ingot"
									}
								},
								"key": "minecraft:creative_category",
								"is_minified": true,
								"children": {
									"parent": "items"
								}
							},
							{
								"open": {
									"minecraft:display_name": "Lead ingot",
									"minecraft:creative_category": {
										"parent": "items"
									},
									"minecraft:icon": {
										"texture": "lead_ingot"
									}
								},
								"key": "minecraft:icon",
								"is_minified": true,
								"children": {
									"texture": "lead_ingot"
								}
							}
						]
					}
				]
			}
		]
	}
}