{
	"file_path": "/home/eden/.local/share/mcpelauncher/games/com.mojang/development_behavior_packs/Guns Addon by Eden Urias/feature_rules/overworld_underground_lead_ore_feature.json",
	"file_type": "feature_rule",
	"format_version": 0,
	"cache_content": {
		"format_version": "1.13.0",
		"minecraft:feature_rules": {
			"description": {
				"identifier": "guns:overworld_underground_lead_ore_feature",
				"places_feature": "guns:lead_ore_feature"
			},
			"conditions": {
				"placement_pass": "underground_pass",
				"minecraft:biome_filter": [
					{
						"any_of": [
							{
								"test": "has_biome_tag",
								"operator": "==",
								"value": "overworld"
							},
							{
								"test": "has_biome_tag",
								"operator": "==",
								"value": "overworld_generation"
							}
						]
					}
				]
			},
			"distribution": {
				"iterations": 20,
				"coordinate_eval_order": "zyx",
				"x": {
					"distribution": "uniform",
					"extent": [
						0,
						16
					]
				},
				"y": {
					"distribution": "uniform",
					"extent": [
						0,
						64
					]
				},
				"z": {
					"distribution": "uniform",
					"extent": [
						0,
						16
					]
				}
			}
		}
	},
	"file_uuid": "91c91aba_cc3f_4a94_a6da_f451fef62dba"
}