{
	"file_path": "/home/eden/.local/share/mcpelauncher/games/com.mojang/development_behavior_packs/Guns Addon by Eden Urias/loot_tables/lead_drops.json",
	"file_type": "loot_table",
	"format_version": 1,
	"file_uuid": "26d757e7_1996_4f2b_afc2_b0e3a3fe9fc9",
	"file_version": 1,
	"cache_content": {
		"children": [
			{
				"open": {
					"pools": [
						{
							"rolls": {
								"min": 1,
								"max": 2
							},
							"entries": [
								{
									"type": "item",
									"name": "guns:lead_ore"
								},
								{
									"type": "item",
									"name": "guns:lead_nugget"
								}
							]
						}
					]
				},
				"key": "pools",
				"children": [
					{
						"open": [
							{
								"rolls": {
									"min": 1,
									"max": 2
								},
								"entries": [
									{
										"type": "item",
										"name": "guns:lead_ore"
									},
									{
										"type": "item",
										"name": "guns:lead_nugget"
									}
								]
							}
						],
						"children": [
							{
								"open": {
									"rolls": {
										"min": 1,
										"max": 2
									},
									"entries": [
										{
											"type": "item",
											"name": "guns:lead_ore"
										},
										{
											"type": "item",
											"name": "guns:lead_nugget"
										}
									]
								},
								"key": "rolls",
								"is_minified": true,
								"children": {
									"min": 1,
									"max": 2
								}
							},
							{
								"open": {
									"rolls": {
										"min": 1,
										"max": 2
									},
									"entries": [
										{
											"type": "item",
											"name": "guns:lead_ore"
										},
										{
											"type": "item",
											"name": "guns:lead_nugget"
										}
									]
								},
								"key": "entries",
								"children": [
									{
										"open": [
											{
												"type": "item",
												"name": "guns:lead_ore"
											},
											{
												"type": "item",
												"name": "guns:lead_nugget"
											}
										],
										"is_minified": true,
										"children": {
											"type": "item",
											"name": "guns:lead_ore"
										}
									},
									{
										"open": [
											{
												"type": "item",
												"name": "guns:lead_ore"
											},
											{
												"type": "item",
												"name": "guns:lead_nugget"
											}
										],
										"is_minified": true,
										"children": {
											"type": "item",
											"name": "guns:lead_nugget"
										}
									}
								]
							}
						]
					}
				]
			}
		]
	}
}