{
	"file_path": "/home/eden/.local/share/mcpelauncher/games/com.mojang/development_behavior_packs/Guns Addon by Eden Urias/features/lead_ore_feature.json",
	"file_type": "feature",
	"format_version": 0,
	"cache_content": {
		"format_version": "1.13.0",
		"minecraft:ore_feature": {
			"description": {
				"identifier": "guns:lead_ore_feature"
			},
			"count": 9,
			"places_block": "guns:lead_ore",
			"may_replace": [
				{
					"name": "minecraft:stone",
					"states": {
						"stone_type": "andesite"
					}
				},
				{
					"name": "minecraft:stone",
					"states": {
						"stone_type": "andesite_smooth"
					}
				},
				{
					"name": "minecraft:stone",
					"states": {
						"stone_type": "diorite"
					}
				},
				{
					"name": "minecraft:stone",
					"states": {
						"stone_type": "diorite_smooth"
					}
				},
				{
					"name": "minecraft:stone",
					"states": {
						"stone_type": "granite"
					}
				},
				{
					"name": "minecraft:stone",
					"states": {
						"stone_type": "granite_smooth"
					}
				},
				{
					"name": "minecraft:stone",
					"states": {
						"stone_type": "stone"
					}
				}
			]
		}
	},
	"file_uuid": "e3a3d0e3_fba2_4c88_aa54_88eb4926aa28"
}