{
	"file_path": "/home/eden/.local/share/mcpelauncher/games/com.mojang/development_behavior_packs/Guns Addon by Eden Urias/recipes/egg_sunny.recipe.json",
	"file_type": "recipe",
	"format_version": 1,
	"file_uuid": "1c9bbfee_8145_42e0_a1c3_687a0f60ba77",
	"file_version": 2,
	"cache_content": {
		"children": [
			{
				"data": "1.16.100",
				"key": "format_version"
			},
			{
				"open": {
					"format_version": "1.16.100",
					"minecraft:recipe_furnace": {
						"description": {
							"identifier": "guns:egg_sunny.recipe"
						},
						"tags": [
							"campfire"
						],
						"input": "minecraft:egg",
						"output": "guns:egg_sunny"
					}
				},
				"key": "minecraft:recipe_furnace",
				"children": [
					{
						"open": {
							"description": {
								"identifier": "guns:egg_sunny.recipe"
							},
							"tags": [
								"campfire"
							],
							"input": "minecraft:egg",
							"output": "guns:egg_sunny"
						},
						"key": "description",
						"is_minified": true,
						"children": {
							"identifier": "guns:egg_sunny.recipe"
						}
					},
					{
						"open": {
							"description": {
								"identifier": "guns:egg_sunny.recipe"
							},
							"tags": [
								"campfire"
							],
							"input": "minecraft:egg",
							"output": "guns:egg_sunny"
						},
						"key": "tags",
						"is_minified": true,
						"children": [
							"campfire"
						]
					},
					{
						"open": {
							"description": {
								"identifier": "guns:egg_sunny.recipe"
							},
							"tags": [
								"campfire"
							],
							"input": "minecraft:egg",
							"output": "guns:egg_sunny"
						},
						"data": "minecraft:egg",
						"key": "input"
					},
					{
						"open": {
							"description": {
								"identifier": "guns:egg_sunny.recipe"
							},
							"tags": [
								"campfire"
							],
							"input": "minecraft:egg",
							"output": "guns:egg_sunny"
						},
						"data": "guns:egg_sunny",
						"key": "output"
					}
				]
			}
		]
	}
}