{
	"file_path": "/home/eden/.local/share/mcpelauncher/games/com.mojang/development_behavior_packs/Guns Addon by Eden Urias/recipes/lead_ingot.recipe.json",
	"file_type": "recipe",
	"format_version": 1,
	"file_uuid": "b80759b2_3b39_44db_bfda_58cbd1a1fbba",
	"file_version": 0,
	"cache_content": {
		"children": [
			{
				"open": {
					"format_version": "1.16.100",
					"minecraft:recipe_furnace": {
						"description": {
							"identifier": "guns:lead_ingot.recipe"
						},
						"tags": [
							"furnace"
						],
						"input": "guns:lead_ore",
						"output": "guns:lead_ingot"
					}
				},
				"data": "1.16.100",
				"key": "format_version"
			},
			{
				"open": {
					"format_version": "1.16.100",
					"minecraft:recipe_furnace": {
						"description": {
							"identifier": "guns:lead_ingot.recipe"
						},
						"tags": [
							"furnace"
						],
						"input": "guns:lead_ore",
						"output": "guns:lead_ingot"
					}
				},
				"key": "minecraft:recipe_furnace",
				"children": [
					{
						"open": {
							"description": {
								"identifier": "guns:lead_ingot.recipe"
							},
							"tags": [
								"furnace"
							],
							"input": "guns:lead_ore",
							"output": "guns:lead_ingot"
						},
						"key": "description",
						"is_minified": true,
						"children": {
							"identifier": "guns:lead_ingot.recipe"
						}
					},
					{
						"open": {
							"description": {
								"identifier": "guns:lead_ingot.recipe"
							},
							"tags": [
								"furnace"
							],
							"input": "guns:lead_ore",
							"output": "guns:lead_ingot"
						},
						"key": "tags",
						"is_minified": true,
						"children": [
							"furnace"
						]
					},
					{
						"open": {
							"description": {
								"identifier": "guns:lead_ingot.recipe"
							},
							"tags": [
								"furnace"
							],
							"input": "guns:lead_ore",
							"output": "guns:lead_ingot"
						},
						"data": "guns:lead_ore",
						"key": "input"
					},
					{
						"open": {
							"description": {
								"identifier": "guns:lead_ingot.recipe"
							},
							"tags": [
								"furnace"
							],
							"input": "guns:lead_ore",
							"output": "guns:lead_ingot"
						},
						"data": "guns:lead_ingot",
						"key": "output"
					}
				]
			}
		]
	}
}