{
	"file_path": "/home/eden/.local/share/mcpelauncher/games/com.mojang/development_behavior_packs/Guns Addon by Eden Urias/recipes/lead_nugget.recipe.json",
	"file_type": "recipe",
	"format_version": 1,
	"file_uuid": "e8693dfe_1162_4b05_8c8f_3cbf795ebe12",
	"file_version": 1,
	"cache_content": {
		"children": [
			{
				"data": "1.16.100",
				"key": "format_version"
			},
			{
				"open": {
					"format_version": "1.16.100",
					"minecraft:recipe_shapeless": {
						"description": {
							"identifier": "guns:lead_nugget.recipe"
						},
						"tags": [
							"crafting_table"
						],
						"ingredients": [
							{
								"item": "guns:lead_ingot"
							}
						],
						"result": [
							{
								"item": "guns:lead_nugget",
								"count": 9
							}
						]
					}
				},
				"key": "minecraft:recipe_shapeless",
				"children": [
					{
						"open": {
							"description": {
								"identifier": "guns:lead_nugget.recipe"
							},
							"tags": [
								"crafting_table"
							],
							"ingredients": [
								{
									"item": "guns:lead_ingot"
								}
							],
							"result": [
								{
									"item": "guns:lead_nugget",
									"count": 9
								}
							]
						},
						"key": "description",
						"is_minified": true,
						"children": {
							"identifier": "guns:lead_nugget.recipe"
						}
					},
					{
						"open": {
							"description": {
								"identifier": "guns:lead_nugget.recipe"
							},
							"tags": [
								"crafting_table"
							],
							"ingredients": [
								{
									"item": "guns:lead_ingot"
								}
							],
							"result": [
								{
									"item": "guns:lead_nugget",
									"count": 9
								}
							]
						},
						"key": "tags",
						"is_minified": true,
						"children": [
							"crafting_table"
						]
					},
					{
						"open": {
							"description": {
								"identifier": "guns:lead_nugget.recipe"
							},
							"tags": [
								"crafting_table"
							],
							"ingredients": [
								{
									"item": "guns:lead_ingot"
								}
							],
							"result": [
								{
									"item": "guns:lead_nugget",
									"count": 9
								}
							]
						},
						"key": "ingredients",
						"children": [
							{
								"open": [
									{
										"item": "guns:lead_ingot"
									}
								],
								"is_minified": true,
								"children": {
									"item": "guns:lead_ingot"
								}
							}
						]
					},
					{
						"open": {
							"description": {
								"identifier": "guns:lead_nugget.recipe"
							},
							"tags": [
								"crafting_table"
							],
							"ingredients": [
								{
									"item": "guns:lead_ingot"
								}
							],
							"result": [
								{
									"item": "guns:lead_nugget",
									"count": 9
								}
							]
						},
						"key": "result",
						"children": [
							{
								"open": [
									{
										"item": "guns:lead_nugget",
										"count": 9
									}
								],
								"is_minified": true,
								"children": {
									"item": "guns:lead_nugget",
									"count": 9
								}
							}
						]
					}
				]
			}
		]
	}
}