{
	"file_path": "/home/eden/.local/share/mcpelauncher/games/com.mojang/development_resource_packs/Guns Addon Resource Pack/textures/item_texture.json",
	"file_type": "item_texture",
	"format_version": 1,
	"file_uuid": "978ef1b8_f7bc_49d7_b1f0_62be45fd5cbf",
	"file_version": 0,
	"cache_content": {
		"children": [
			{
				"data": "bridgeRP",
				"key": "resource_pack_name"
			},
			{
				"data": "atlas.items",
				"key": "texture_name"
			},
			{
				"open": {
					"resource_pack_name": "bridgeRP",
					"texture_name": "atlas.items",
					"texture_data": {
						"lead_ingot": {
							"textures": [
								"/home/eden/.local/share/mcpelauncher/games/com.mojang/development_resource_packs/Guns Addon Resource Pack/textures/items/lead_ingot"
							]
						},
						"guns_egg_sunny": {
							"textures": "textures/items/egg_sunny"
						},
						"lead_nugget": {
							"textures": [
								"/home/eden/.local/share/mcpelauncher/games/com.mojang/development_resource_packs/Guns Addon Resource Pack/textures/items/lead_nugget"
							]
						}
					}
				},
				"key": "texture_data",
				"children": [
					{
						"open": {
							"lead_ingot": {
								"textures": [
									"/home/eden/.local/share/mcpelauncher/games/com.mojang/development_resource_packs/Guns Addon Resource Pack/textures/items/lead_ingot"
								]
							},
							"guns_egg_sunny": {
								"textures": "textures/items/egg_sunny"
							},
							"lead_nugget": {
								"textures": [
									"/home/eden/.local/share/mcpelauncher/games/com.mojang/development_resource_packs/Guns Addon Resource Pack/textures/items/lead_nugget"
								]
							}
						},
						"key": "lead_ingot",
						"is_minified": true,
						"children": {
							"textures": [
								"/home/eden/.local/share/mcpelauncher/games/com.mojang/development_resource_packs/Guns Addon Resource Pack/textures/items/lead_ingot"
							]
						}
					},
					{
						"open": {
							"lead_ingot": {
								"textures": [
									"/home/eden/.local/share/mcpelauncher/games/com.mojang/development_resource_packs/Guns Addon Resource Pack/textures/items/lead_ingot"
								]
							},
							"guns_egg_sunny": {
								"textures": "textures/items/egg_sunny"
							},
							"lead_nugget": {
								"textures": [
									"/home/eden/.local/share/mcpelauncher/games/com.mojang/development_resource_packs/Guns Addon Resource Pack/textures/items/lead_nugget"
								]
							}
						},
						"key": "guns_egg_sunny",
						"is_minified": true,
						"children": {
							"textures": "textures/items/egg_sunny"
						}
					},
					{
						"open": {
							"lead_ingot": {
								"textures": [
									"/home/eden/.local/share/mcpelauncher/games/com.mojang/development_resource_packs/Guns Addon Resource Pack/textures/items/lead_ingot"
								]
							},
							"guns_egg_sunny": {
								"textures": "textures/items/egg_sunny"
							},
							"lead_nugget": {
								"textures": [
									"/home/eden/.local/share/mcpelauncher/games/com.mojang/development_resource_packs/Guns Addon Resource Pack/textures/items/lead_nugget"
								]
							}
						},
						"key": "lead_nugget",
						"children": [
							{
								"open": {
									"textures": [
										"/home/eden/.local/share/mcpelauncher/games/com.mojang/development_resource_packs/Guns Addon Resource Pack/textures/items/lead_nugget"
									]
								},
								"key": "textures",
								"is_minified": true,
								"children": [
									"/home/eden/.local/share/mcpelauncher/games/com.mojang/development_resource_packs/Guns Addon Resource Pack/textures/items/lead_nugget"
								]
							}
						]
					}
				]
			}
		]
	}
}