{
	"file_path": "/home/eden/.local/share/mcpelauncher/games/com.mojang/development_resource_packs/Guns Addon Resource Pack/textures/textures_list.json",
	"file_type": "textures_list",
	"format_version": 1,
	"file_uuid": "444894ac_5fbc_449c_ae43_3dbeb7cd8848",
	"file_version": 1,
	"cache_content": {
		"is_minified": true,
		"children": [
			"/home/eden/.local/share/mcpelauncher/games/com.mojang/development_resource_packs/Guns Addon Resource Pack/textures/blocks/lead_ore",
			"/home/eden/.local/share/mcpelauncher/games/com.mojang/development_resource_packs/Guns Addon Resource Pack/textures/items/lead_ingot",
			"/home/eden/.local/share/mcpelauncher/games/com.mojang/development_resource_packs/Guns Addon Resource Pack/textures/items/lead_nugget"
		]
	}
}